Name,Maths,Science,English,Total,Average,Grade
Rahul,78,72,80,230,76.66666666666667,B
Anita,85,88,90,263,87.66666666666667,B
Suresh,45,40,50,135,45.0,Fail
Priya,92,95,85,272,90.66666666666667,A
Amit,60,55,58,173,57.666666666666664,C
